-- phpMyAdmin SQL Dump
-- version 5.0.2
-- https://www.phpmyadmin.net/
--
-- Host: 127.0.0.1
-- Generation Time: Aug 31, 2021 at 11:03 AM
-- Server version: 10.4.11-MariaDB
-- PHP Version: 7.4.5

SET SQL_MODE = "NO_AUTO_VALUE_ON_ZERO";
START TRANSACTION;
SET time_zone = "+00:00";


/*!40101 SET @OLD_CHARACTER_SET_CLIENT=@@CHARACTER_SET_CLIENT */;
/*!40101 SET @OLD_CHARACTER_SET_RESULTS=@@CHARACTER_SET_RESULTS */;
/*!40101 SET @OLD_COLLATION_CONNECTION=@@COLLATION_CONNECTION */;
/*!40101 SET NAMES utf8mb4 */;

--
-- Database: `fourthproject`
--

-- --------------------------------------------------------

--
-- Table structure for table `class_result`
--

CREATE TABLE `class_result` (
  `class_result_id` int(11) NOT NULL,
  `roll_no` varchar(30) NOT NULL,
  `course_code` varchar(30) NOT NULL,
  `subject_code` varchar(10) NOT NULL,
  `semester` varchar(11) NOT NULL,
  `total_marks` varchar(11) NOT NULL,
  `obtain_marks` varchar(11) NOT NULL,
  `result_date` varchar(10) NOT NULL
) ENGINE=InnoDB DEFAULT CHARSET=latin1;

-- --------------------------------------------------------

--
-- Table structure for table `courses`
--

CREATE TABLE `courses` (
  `course_code` varchar(10) NOT NULL,
  `course_name` varchar(50) NOT NULL,
  `semester_or_year` varchar(10) NOT NULL,
  `no_of_year` int(10) NOT NULL
) ENGINE=InnoDB DEFAULT CHARSET=latin1;

--
-- Dumping data for table `courses`
--

INSERT INTO `courses` (`course_code`, `course_name`, `semester_or_year`, `no_of_year`) VALUES
('101', 'BIM', 'Semester', 4),
('102', 'BBA', 'Semester', 4),
('103', 'BSW', 'YEARS', 4),
('104', 'BBS', 'Semester', 3),
('105', 'BBM', 'Semester', 3),
('106', 'BIT', 'Semester', 3);

-- --------------------------------------------------------

--
-- Table structure for table `course_subjects`
--

CREATE TABLE `course_subjects` (
  `subject_code` varchar(10) NOT NULL,
  `subject_name` varchar(50) NOT NULL,
  `course_code` varchar(10) NOT NULL,
  `semester` int(10) NOT NULL,
  `credit_hours` int(5) NOT NULL
) ENGINE=InnoDB DEFAULT CHARSET=latin1;

--
-- Dumping data for table `course_subjects`
--

INSERT INTO `course_subjects` (`subject_code`, `subject_name`, `course_code`, `semester`, `credit_hours`) VALUES
('111', 'DBMS', '101', 4, 48),
('112', 'Microeconomics', '101', 4, 48),
('113', 'Web technology', '101', 4, 48),
('114', 'Data structure and algorithm', '101', 4, 48),
('115', 'Financial accounting', '101', 4, 48),
('211', 'Business', '103', 2, 48);

-- --------------------------------------------------------

--
-- Table structure for table `login`
--

CREATE TABLE `login` (
  `ID` int(11) NOT NULL,
  `user_id` varchar(30) NOT NULL,
  `Password` varchar(30) NOT NULL,
  `Role` varchar(10) NOT NULL,
  `account` varchar(20) NOT NULL
) ENGINE=InnoDB DEFAULT CHARSET=latin1;

--
-- Dumping data for table `login`
--

INSERT INTO `login` (`ID`, `user_id`, `Password`, `Role`, `account`) VALUES
(2, 'admin@gmail.com', 'admin123', 'Admin', ''),
(5, 'teacher@gmail.com', 'teacher123', 'Teacher', 'Activate'),
(6, 'alxthakuri@gmail.com', 'teacher123*', 'Teacher', 'Activate'),
(7, 'abhii@gmail.com', 'teacher123*', 'Teacher', ''),
(16, '1234', '1234', 'Student', 'Activate'),
(17, '101', 'student123', 'Student', 'Activate'),
(18, 'hridayesh@gmail.com', 'teacher123*', 'Teacher', '');

-- --------------------------------------------------------

--
-- Table structure for table `sessions`
--

CREATE TABLE `sessions` (
  `session_id` int(11) NOT NULL,
  `session` varchar(30) NOT NULL,
  `created_date` timestamp NOT NULL DEFAULT current_timestamp() ON UPDATE current_timestamp()
) ENGINE=InnoDB DEFAULT CHARSET=latin1;

--
-- Dumping data for table `sessions`
--

INSERT INTO `sessions` (`session_id`, `session`, `created_date`) VALUES
(1011, 'Morning', '2021-08-28 10:48:34'),
(1012, 'Day', '2021-08-28 10:48:34');

-- --------------------------------------------------------

--
-- Table structure for table `student_attendance`
--

CREATE TABLE `student_attendance` (
  `attendance_id` int(11) NOT NULL,
  `course_code` varchar(10) NOT NULL,
  `subject_code` varchar(10) NOT NULL,
  `semester` int(11) NOT NULL,
  `student_id` varchar(20) NOT NULL,
  `attendance` int(11) NOT NULL,
  `attendance_date` varchar(11) NOT NULL
) ENGINE=InnoDB DEFAULT CHARSET=latin1;

-- --------------------------------------------------------

--
-- Table structure for table `student_courses`
--

CREATE TABLE `student_courses` (
  `student_course_id` int(11) NOT NULL,
  `course_code` varchar(10) NOT NULL,
  `semester` int(11) NOT NULL,
  `roll_no` varchar(10) NOT NULL,
  `subject_code` varchar(10) NOT NULL,
  `session` varchar(10) NOT NULL,
  `assign_date` varchar(10) NOT NULL
) ENGINE=InnoDB DEFAULT CHARSET=latin1;

--
-- Dumping data for table `student_courses`
--

INSERT INTO `student_courses` (`student_course_id`, `course_code`, `semester`, `roll_no`, `subject_code`, `session`, `assign_date`) VALUES
(7, '102', 4, '1234', '112', '', '28-08-21');

-- --------------------------------------------------------

--
-- Table structure for table `student_fee`
--

CREATE TABLE `student_fee` (
  `fee_voucher` int(11) NOT NULL,
  `roll_no` varchar(30) NOT NULL,
  `amount` int(11) NOT NULL,
  `posting_date` timestamp NOT NULL DEFAULT current_timestamp() ON UPDATE current_timestamp(),
  `status` varchar(10) NOT NULL
) ENGINE=InnoDB DEFAULT CHARSET=latin1;

--
-- Dumping data for table `student_fee`
--

INSERT INTO `student_fee` (`fee_voucher`, `roll_no`, `amount`, `posting_date`, `status`) VALUES
(3, '101', 4000, '2021-08-29 10:00:36', 'Paid'),
(4, '1234', 0, '2021-08-31 08:59:13', 'Paid'),
(5, '1234', 780000, '2021-08-31 09:00:15', 'Paid');

-- --------------------------------------------------------

--
-- Table structure for table `student_info`
--

CREATE TABLE `student_info` (
  `roll_no` varchar(20) NOT NULL,
  `first_name` varchar(30) NOT NULL,
  `middle_name` varchar(30) NOT NULL,
  `last_name` varchar(30) NOT NULL,
  `father_name` varchar(30) NOT NULL,
  `email` varchar(30) NOT NULL,
  `mobile_no` varchar(11) NOT NULL,
  `course_code` varchar(11) NOT NULL,
  `session` varchar(10) NOT NULL,
  `profile_image` varchar(100) NOT NULL,
  `applicant_status` varchar(20) NOT NULL,
  `application_status` varchar(20) NOT NULL,
  `dob` varchar(10) NOT NULL,
  `other_phone` varchar(11) NOT NULL,
  `gender` varchar(10) NOT NULL,
  `permanent_address` varchar(150) NOT NULL,
  `current_address` varchar(150) NOT NULL,
  `place_of_birth` varchar(150) NOT NULL,
  `semester` int(11) NOT NULL,
  `total_marks` int(11) NOT NULL,
  `obtain_marks` int(11) NOT NULL,
  `state` varchar(20) NOT NULL,
  `admission_date` timestamp NOT NULL DEFAULT current_timestamp() ON UPDATE current_timestamp()
) ENGINE=InnoDB DEFAULT CHARSET=latin1;

--
-- Dumping data for table `student_info`
--

INSERT INTO `student_info` (`roll_no`, `first_name`, `middle_name`, `last_name`, `father_name`, `email`, `mobile_no`, `course_code`, `session`, `profile_image`, `applicant_status`, `application_status`, `dob`, `other_phone`, `gender`, `permanent_address`, `current_address`, `place_of_birth`, `semester`, `total_marks`, `obtain_marks`, `state`, `admission_date`) VALUES
('101', 'abhishek', '', 'uprety', 'khai', 'abhii@gmail.com', '0123456789', 'BBA', 'Day', 'images.png', 'Admitted', 'Approved', '2021-08-06', '', 'Male', 'basundhara', 'basundhara', 'nepal', 0, 0, 0, '', '2021-08-29 09:46:26'),
('1234', 'Alex', 'shah', 'thakuri', 'bikram', 'alxthakuri@gmail.com', '9823426805', 'BIM', 'Morning', 'images.png', 'Admitted', 'Approved', '2016-07-15', '', 'Male', 'kalimati,kathmandu', 'nardevi', 'nepal', 4, 100, 99, 'bagmati', '2021-08-29 10:06:18');

-- --------------------------------------------------------

--
-- Table structure for table `teacher_attendance`
--

CREATE TABLE `teacher_attendance` (
  `attendance_id` int(11) NOT NULL,
  `teacher_id` varchar(30) NOT NULL,
  `attendance` int(11) NOT NULL,
  `attendance_date` varchar(11) NOT NULL
) ENGINE=InnoDB DEFAULT CHARSET=latin1;

--
-- Dumping data for table `teacher_attendance`
--

INSERT INTO `teacher_attendance` (`attendance_id`, `teacher_id`, `attendance`, `attendance_date`) VALUES
(6, '3', 1, '29-08-21'),
(7, '3', 0, '29-08-21');

-- --------------------------------------------------------

--
-- Table structure for table `teacher_courses`
--

CREATE TABLE `teacher_courses` (
  `teacher_courses_id` int(11) NOT NULL,
  `course_code` varchar(10) NOT NULL,
  `semester` int(11) NOT NULL,
  `teacher_id` varchar(10) NOT NULL,
  `subject_code` varchar(10) NOT NULL,
  `assign_date` varchar(10) NOT NULL,
  `total_classes` int(11) NOT NULL
) ENGINE=InnoDB DEFAULT CHARSET=latin1;

--
-- Dumping data for table `teacher_courses`
--

INSERT INTO `teacher_courses` (`teacher_courses_id`, `course_code`, `semester`, `teacher_id`, `subject_code`, `assign_date`, `total_classes`) VALUES
(6, 'BIM', 4, '3', 'Select Sub', '28-08-21', 3),
(7, 'BIM', 4, '3', 'Microecono', '29-08-21', 3),
(8, 'BIM', 4, '4', 'Web', '29-08-21', 3);

-- --------------------------------------------------------

--
-- Table structure for table `teacher_info`
--

CREATE TABLE `teacher_info` (
  `teacher_id` int(11) NOT NULL,
  `first_name` varchar(30) NOT NULL,
  `middle_name` varchar(30) NOT NULL,
  `last_name` varchar(30) NOT NULL,
  `father_name` varchar(50) NOT NULL,
  `email` varchar(30) NOT NULL,
  `phone_no` varchar(11) NOT NULL,
  `profile_image` blob NOT NULL,
  `teacher_status` varchar(10) NOT NULL,
  `application_status` varchar(10) NOT NULL,
  `dob` varchar(15) NOT NULL,
  `other_phone` int(11) NOT NULL,
  `gender` varchar(10) NOT NULL,
  `permanent_address` varchar(100) NOT NULL,
  `current_address` varchar(100) NOT NULL,
  `place_of_birth` varchar(50) NOT NULL,
  `state` varchar(20) NOT NULL,
  `hire_date` varchar(10) NOT NULL
) ENGINE=InnoDB DEFAULT CHARSET=latin1;

--
-- Dumping data for table `teacher_info`
--

INSERT INTO `teacher_info` (`teacher_id`, `first_name`, `middle_name`, `last_name`, `father_name`, `email`, `phone_no`, `profile_image`, `teacher_status`, `application_status`, `dob`, `other_phone`, `gender`, `permanent_address`, `current_address`, `place_of_birth`, `state`, `hire_date`) VALUES
(3, 'Alex', 'shah', 'thakuri', '', 'alxthakuri@gmail.com', '9823426805', '', 'Permanent', 'Yes', '2021-08-11', 2147483647, 'Male', 'kalimati,kathmandu', 'kalimati,kathmandu', 'nepal', '', '28-08-21'),
(4, 'abhishek', 'sen', 'uprety', '', 'abhii@gmail.com', '1234567890', 0x696d616765732e706e67, 'Contract', 'Yes', '2021-09-05', 1234567890, 'Male', 'nepal', 'nepal', 'nepal', '', '28-08-21'),
(5, 'hridayesh', '', 'manandhar', '', 'hridayesh@gmail.com', '1111111111', 0x696d616765732e706e67, 'Permanent', 'Yes', '', 0, 'Male', 'jaisidewal', 'jaisidewal', 'nepal', '', '29-08-21');

-- --------------------------------------------------------

--
-- Table structure for table `teacher_salary_allowances`
--

CREATE TABLE `teacher_salary_allowances` (
  `teacher_id` int(11) NOT NULL,
  `basic_salary` int(11) NOT NULL,
  `medical_allowance` int(11) NOT NULL
) ENGINE=InnoDB DEFAULT CHARSET=latin1;

--
-- Dumping data for table `teacher_salary_allowances`
--

INSERT INTO `teacher_salary_allowances` (`teacher_id`, `basic_salary`, `medical_allowance`) VALUES
(3, 5000, 100),
(4, 500000, 4500);

-- --------------------------------------------------------

--
-- Table structure for table `teacher_salary_report`
--

CREATE TABLE `teacher_salary_report` (
  `salary_id` int(11) NOT NULL,
  `teacher_id` int(11) NOT NULL,
  `total_amount` int(11) NOT NULL,
  `status` varchar(11) NOT NULL,
  `paid_date` timestamp NOT NULL DEFAULT current_timestamp() ON UPDATE current_timestamp()
) ENGINE=InnoDB DEFAULT CHARSET=latin1;

--
-- Dumping data for table `teacher_salary_report`
--

INSERT INTO `teacher_salary_report` (`salary_id`, `teacher_id`, `total_amount`, `status`, `paid_date`) VALUES
(31, 4, 23000000, 'Paid', '2021-08-31 08:49:29'),
(32, 4, 23000000, 'Paid', '2021-08-31 08:51:14'),
(33, 4, 23000000, 'Paid', '2021-08-31 08:52:20'),
(34, 3, 10000, 'Paid', '2021-08-31 08:52:56'),
(35, 3, 10000, 'Paid', '2021-08-31 08:54:04');

-- --------------------------------------------------------

--
-- Table structure for table `weekdays`
--

CREATE TABLE `weekdays` (
  `day_id` int(11) NOT NULL,
  `day_name` varchar(15) NOT NULL
) ENGINE=InnoDB DEFAULT CHARSET=latin1;

--
-- Dumping data for table `weekdays`
--

INSERT INTO `weekdays` (`day_id`, `day_name`) VALUES
(1, 'Monday'),
(2, 'Tuesday'),
(3, 'Wednesday'),
(4, 'Thursday'),
(5, 'Friday'),
(6, 'Saturday'),
(7, 'Sunday');

--
-- Indexes for dumped tables
--

--
-- Indexes for table `class_result`
--
ALTER TABLE `class_result`
  ADD PRIMARY KEY (`class_result_id`);

--
-- Indexes for table `courses`
--
ALTER TABLE `courses`
  ADD PRIMARY KEY (`course_code`);

--
-- Indexes for table `course_subjects`
--
ALTER TABLE `course_subjects`
  ADD PRIMARY KEY (`subject_code`);

--
-- Indexes for table `login`
--
ALTER TABLE `login`
  ADD PRIMARY KEY (`ID`);

--
-- Indexes for table `sessions`
--
ALTER TABLE `sessions`
  ADD PRIMARY KEY (`session_id`);

--
-- Indexes for table `student_attendance`
--
ALTER TABLE `student_attendance`
  ADD PRIMARY KEY (`attendance_id`);

--
-- Indexes for table `student_courses`
--
ALTER TABLE `student_courses`
  ADD PRIMARY KEY (`student_course_id`),
  ADD KEY `course_code` (`course_code`);

--
-- Indexes for table `student_fee`
--
ALTER TABLE `student_fee`
  ADD PRIMARY KEY (`fee_voucher`),
  ADD KEY `roll_no` (`roll_no`);

--
-- Indexes for table `student_info`
--
ALTER TABLE `student_info`
  ADD PRIMARY KEY (`roll_no`);

--
-- Indexes for table `teacher_attendance`
--
ALTER TABLE `teacher_attendance`
  ADD PRIMARY KEY (`attendance_id`);

--
-- Indexes for table `teacher_courses`
--
ALTER TABLE `teacher_courses`
  ADD PRIMARY KEY (`teacher_courses_id`);

--
-- Indexes for table `teacher_info`
--
ALTER TABLE `teacher_info`
  ADD PRIMARY KEY (`teacher_id`);

--
-- Indexes for table `teacher_salary_allowances`
--
ALTER TABLE `teacher_salary_allowances`
  ADD PRIMARY KEY (`teacher_id`);

--
-- Indexes for table `teacher_salary_report`
--
ALTER TABLE `teacher_salary_report`
  ADD PRIMARY KEY (`salary_id`),
  ADD KEY `teacher_id` (`teacher_id`);

--
-- Indexes for table `weekdays`
--
ALTER TABLE `weekdays`
  ADD PRIMARY KEY (`day_id`);

--
-- AUTO_INCREMENT for dumped tables
--

--
-- AUTO_INCREMENT for table `class_result`
--
ALTER TABLE `class_result`
  MODIFY `class_result_id` int(11) NOT NULL AUTO_INCREMENT, AUTO_INCREMENT=55;

--
-- AUTO_INCREMENT for table `login`
--
ALTER TABLE `login`
  MODIFY `ID` int(11) NOT NULL AUTO_INCREMENT, AUTO_INCREMENT=19;

--
-- AUTO_INCREMENT for table `sessions`
--
ALTER TABLE `sessions`
  MODIFY `session_id` int(11) NOT NULL AUTO_INCREMENT, AUTO_INCREMENT=1013;

--
-- AUTO_INCREMENT for table `student_attendance`
--
ALTER TABLE `student_attendance`
  MODIFY `attendance_id` int(11) NOT NULL AUTO_INCREMENT, AUTO_INCREMENT=9;

--
-- AUTO_INCREMENT for table `student_courses`
--
ALTER TABLE `student_courses`
  MODIFY `student_course_id` int(11) NOT NULL AUTO_INCREMENT, AUTO_INCREMENT=8;

--
-- AUTO_INCREMENT for table `student_fee`
--
ALTER TABLE `student_fee`
  MODIFY `fee_voucher` int(11) NOT NULL AUTO_INCREMENT, AUTO_INCREMENT=6;

--
-- AUTO_INCREMENT for table `teacher_attendance`
--
ALTER TABLE `teacher_attendance`
  MODIFY `attendance_id` int(11) NOT NULL AUTO_INCREMENT, AUTO_INCREMENT=8;

--
-- AUTO_INCREMENT for table `teacher_courses`
--
ALTER TABLE `teacher_courses`
  MODIFY `teacher_courses_id` int(11) NOT NULL AUTO_INCREMENT, AUTO_INCREMENT=9;

--
-- AUTO_INCREMENT for table `teacher_info`
--
ALTER TABLE `teacher_info`
  MODIFY `teacher_id` int(11) NOT NULL AUTO_INCREMENT, AUTO_INCREMENT=6;

--
-- AUTO_INCREMENT for table `teacher_salary_report`
--
ALTER TABLE `teacher_salary_report`
  MODIFY `salary_id` int(11) NOT NULL AUTO_INCREMENT, AUTO_INCREMENT=36;

--
-- AUTO_INCREMENT for table `weekdays`
--
ALTER TABLE `weekdays`
  MODIFY `day_id` int(11) NOT NULL AUTO_INCREMENT, AUTO_INCREMENT=8;

--
-- Constraints for dumped tables
--

--
-- Constraints for table `teacher_salary_report`
--
ALTER TABLE `teacher_salary_report`
  ADD CONSTRAINT `teacher_salary_report_ibfk_1` FOREIGN KEY (`teacher_id`) REFERENCES `teacher_salary_allowances` (`teacher_id`);
COMMIT;

/*!40101 SET CHARACTER_SET_CLIENT=@OLD_CHARACTER_SET_CLIENT */;
/*!40101 SET CHARACTER_SET_RESULTS=@OLD_CHARACTER_SET_RESULTS */;
/*!40101 SET COLLATION_CONNECTION=@OLD_COLLATION_CONNECTION */;
